{"cameraMode":{"drawMode":0,"name":"Shaded","section":"Shading Mode"},"sceneLighting":true,"audioPlay":false,"sceneViewState":{"m_AlwaysRefresh":false,"showFog":true,"showSkybox":true,"showFlares":true,"showImageEffects":true,"showParticleSystems":true,"showVisualEffectGraphs":true,"m_FxEnabled":true},"in2DMode":false,"pivot":{"x":-10.31344985961914,"y":9.361186027526856,"z":-1.8300268650054932},"rotation":{"x":0.19961240887641908,"y":0.3738826811313629,"z":-0.08273087441921234,"w":0.9018874168395996},"size":0.37554889917373659,"orthographic":false}